"Carimbo de data/hora","Qual é o teu género?","Qual é a tua idade?","Quantos resultados obtiveste?","O quão fácil foi a realização desta tarefa? (se não conseguiste resolver a tarefa, indica o que te impossibilitou de realizar a tarefa)","Algum comentário adicional?","Qual o preço deste produto, e que tamanhos estavam disponíveis?","O quão fácil foi a realização desta tarefa? (se não conseguiste resolver a tarefa, indica o que te impossibilitou de realizar a tarefa)","Algum comentário adicional?","Que outro produto se encontra atualmente na lista de favoritos?","O quão fácil foi a realização desta tarefa? (se não conseguiste resolver a tarefa, indica o que te impossibilitou de realizar a tarefa)","Algum comentário adicional?","Que número de encomenda obtiveste no final?","O quão fácil foi a realização desta tarefa? (se não conseguiste resolver a tarefa, indica o que te impossibilitou de realizar a tarefa)","Algum comentário adicional?","Que produtos foram comprados nessa encomenda?","O quão fácil foi a realização desta tarefa? (se não conseguiste resolver a tarefa, indica o que te impossibilitou de realizar a tarefa)","Algum comentário adicional?","I think that I would like to use this system frequently","I found the system unnecessarily complex","I thought the system was easy to use","I think that I would need the support of a technical person to be able to use this system","I found the various functions in this system were well integrated","I thought there was too much inconsistency in this system","I would imagine that most people would learn to use this system very quickly","I found the system very cumbersome to use","I felt very confident using the system","I needed to learn a lot of things before I could get going with this system","Explora o protótipo (com implementações limitadas, podes deparar-te com cenários para os quais não estamos preparados) e coloca alguma sugestão que possas ter sobre algo que não foi coberto durante este teste"
"2024/05/09 9:49:42 da manhã CET","Homem","20","6","Muito fácil","nao","114.99 S M L","Muito fácil","nao","Under Armour Curry 11","Muito fácil","nao","9631","Fácil","nao","Um equipamento e umas sapatilhas","Fácil","nao sabia onde ir para as encomendas","4","1","5","1","5","1","5","1","5","1","Explorado, nada a acrescentar"
"2024/05/09 10:03:24 da manhã CET","Homem","20","6","Muito fácil","Erro meu, afinal não foi. Ao clicar no nome do filtro não o seleciona","114.99, S, M e L","Muito fácil","não","Umas sapatilhas","Muito fácil","","7049","Fácil","O botão de adicionar ao carrinho, quando não está disponivel podia informar que é preciso escolher tamanho primeiro.","Umas sapatilhas vermelhas e uma jersey azul bebé","Muito fácil","","5","1","5","1","5","1","5","1","5","1","O tamanho da página ficar adequado ao do ecrã."
"2024/05/09 10:12:46 da manhã CET","Homem","19","6","Muito fácil","","114.99 3 tamanhos","Muito fácil","","under armour","Muito fácil","","32","Muito fácil","","jersey, adidas","Muito fácil","","5","1","4","1","5","1","5","2","5","1",""
"2024/05/09 10:19:38 da manhã CET","Homem","20","6","Muito fácil","","114.99 tamanhos S M L","Muito fácil","","Under Armour Curry 11 'Champion Mindset'","Muito fácil","","1395","Fácil","O popup de adicionado ao carrinho apareceu escondido","camisola e sapatilha","Fácil","","4","1","5","1","4","2","5","1","4","1",""
"2024/05/09 10:46:24 da manhã CET","Homem","19","6","Fácil","Filtragem cofusa","114.99 3 tamanhos","Muito fácil","Não","under armour","Muito fácil","n","5009","Muito fácil","n","sapatilhas e uma malheca","Muito fácil","n","5","2","5","1","4","1","5","1","5","1",""
"2024/05/09 10:54:39 da manhã CET","Mulher","19","6","Muito fácil","Apresentar o número de resultados encontrados com a aplicação dos filtros."," 114.99 -> S-M-L","Muito fácil","","""Under Armour""","Muito fácil","","1882","Muito fácil","","""Mitchell & Ness"" ""Air""","Muito fácil","","5","1","5","1","5","1","5","1","5","1",""