{
    "sapatilhas": [
      {
        "id": 1,
        "name": "JA 1'White/Black'",
        "brand": "Nike",
        "price": 119.99,
        "size": [41, 42, 43, 44, 45, 46, 47],
        "image_links": ["https://static.nike.com/a/images/t_PDP_1728_v1/f_auto,q_auto:eco/902e2363-fc5a-4ae5-963a-fa907a5d626d/ja-1-white-black-basketball-shoes-8gZzJ3.jpg",
                        "https://static.nike.com/a/images/t_PDP_1728_v1/f_auto,q_auto:eco/3b29bcfd-a356-44b5-984c-2819238313cc/ja-1-white-black-basketball-shoes-8gZzJ3.jpg",
                        "https://static.nike.com/a/images/t_PDP_1728_v1/f_auto,q_auto:eco/c2a1a901-68c6-476b-8abd-0629ebc0a873/ja-1-white-black-basketball-shoes-8gZzJ3.jpg",
                        "https://static.nike.com/a/images/t_PDP_1728_v1/f_auto,q_auto:eco/0732544d-2ff7-49b4-865d-6ad233562efe/ja-1-white-black-basketball-shoes-8gZzJ3.jpg",
                        "https://static.nike.com/a/images/t_PDP_1728_v1/f_auto,q_auto:eco/5c73ed75-8bac-4b57-93b7-eb19f5133e0f/ja-1-white-black-basketball-shoes-8gZzJ3.jpg",
                        "https://static.nike.com/a/images/t_PDP_1728_v1/f_auto,q_auto:eco/00d00ce8-0bcd-4925-b0d7-09e6ace639f9/ja-1-white-black-basketball-shoes-8gZzJ3.jpg",
                        "https://static.nike.com/a/images/t_PDP_1728_v1/f_auto,q_auto:eco/f55828d7-d0c6-46d3-a603-f348eb359909/ja-1-white-black-basketball-shoes-8gZzJ3.jpg",
                        "https://static.nike.com/a/images/t_PDP_1728_v1/f_auto,q_auto:eco/9739e4e2-f737-4c4d-b041-c09b1ea5076c/ja-1-white-black-basketball-shoes-8gZzJ3.jpg",
                        "https://static.nike.com/a/images/t_PDP_1728_v1/f_auto,q_auto:eco/025b7ce8-be48-449c-8ced-e9e9d36b9c26/ja-1-white-black-basketball-shoes-8gZzJ3.jpg"],
        "short_description": "Classic. Clean. You can't go wrong with this timeless ebony and ivory combo that's as smooth as Ja snaking around a ball screen en route to storming some helpless defender at the rim. It's a meld that goes with any sort of drip, on court or off it. With Zoom Air, it supports bunny hops and hyper speed without sacrificing comfort, so you can control your own destiny on the court, Ja-style.",
        "big_description": "Classic. Clean. You can't go wrong with this timeless ebony and ivory combo that's as smooth as Ja snaking around a ball screen en route to storming some helpless defender at the rim. It's a meld that goes with any sort of drip, on court or off it. With Zoom Air, it supports bunny hops and hyper speed without sacrificing comfort, so you can control your own destiny on the court, Ja-style.\n\nPersonal touch\nThe handwritten repeating 12am graphic speaks to his mindset of approaching every day with a grind mentality. Ja's signature, logo and jersey number are also sketched in his own handwriting.\n\nPrepare for lift-off\nA forefoot Zoom Air unit helps provide increased responsiveness and vertical acceleration. Plush cushioning in the midsole provides comfort when you come back to Earth after flying in the clouds.\n\nLand softly\nA containment system and forefoot strap help keep your ankle and heel stable so that you're in control and supported whether you're changing direction at high speeds, springing towards the rim or staying in front of pro ball-handlers on defence.\n\nMore benefits\nThe lightweight, breathable material on the upper helps keep your feet cool.\nA raised foam collar adds ankle support.\nColour Shown: White/White/Black\nStyle: FQ4796-101"
      },
      {
        "id": 2,
        "name": "DAME 8 EXTPLY ‘Pulse Mint’",
        "brand": "Adidas",
        "price": 120.00,
        "size": [41, 42, 43, 44, 45, 46, 47, 48],
        "image_links": ["https://i0.wp.com/xipastore.pt/wp-content/uploads/2023/10/adidas-dame-8-extply-mint-id5677-01.jpg?fit=1500%2C1500&ssl=1",
                        "https://i0.wp.com/xipastore.pt/wp-content/uploads/2023/10/adidas-dame-8-extply-mint-id5677-02.jpg?fit=1500%2C1500&ssl=1",
                        "https://i0.wp.com/xipastore.pt/wp-content/uploads/2023/10/adidas-dame-8-extply-mint-id5677-03.jpg?fit=1500%2C1500&ssl=1",
                        "https://i0.wp.com/xipastore.pt/wp-content/uploads/2023/10/adidas-dame-8-extply-mint-id5677-05.jpg?fit=1500%2C1500&ssl=1"],
        "short_description": "As sapatilhas de basquetebol Adidas Dame 8 Extply, assinadas por Damian Lillard, oferecem durabilidade, estabilidade e amortecimento leve para máximo desempenho em campo. Construídas para resistir ao esforço, proporcionam segurança e confiança, tornando-se uma escolha ideal para jogadores sérios.",
        "big_description": "As sapatilhas de basquetebol Adidas Dame 8 Extply representam a colaboração entre a lenda do basquetebol Damian Lillard e a renomada marca Adidas. Projetadas para atender às demandas intensas do jogo, estas sapatilhas são mais do que apenas um acessório esportivo - são uma ferramenta essencial para qualquer jogador sério.\n\nO segredo por trás do desempenho excepcional destas sapatilhas reside na sua engenharia cuidadosa. A entressola Bounce Pro, dinâmica e responsiva, oferece uma combinação única de estabilidade e amortecimento leve. Isso significa que os jogadores podem contar com suporte confiável enquanto desfrutam de uma sensação ágil e flexível em campo. Seja cortando rapidamente para o aro ou recuando para um arremesso de longa distância, a tecnologia Bounce Pro está lá para apoiar cada movimento.\n\nAlém disso, o design interno da meia proporciona um ajuste seguro e confortável, mantendo o pé firmemente no lugar, mesmo durante os momentos mais intensos do jogo. E para garantir que os jogadores possam maximizar sua explosão e agilidade, as sapatilhas apresentam uma placa de propulsão em TPU. Esta placa ajuda a canalizar a energia de forma eficiente, permitindo movimentos rápidos e poderosos que podem fazer a diferença entre uma cesta bem-sucedida e um bloqueio crucial.\n\nNo entanto, a verdadeira beleza das sapatilhas Adidas Dame 8 Extply vai além da sua funcionalidade técnica. Com o nome de Damian Lillard associado a elas, essas sapatilhas representam uma mentalidade vencedora. Lillard é conhecido por sua habilidade de executar em momentos críticos, e suas sapatilhas refletem esse mesmo foco e determinação. Cada vez que um jogador calça um par de Dame 8 Extply, estão investindo não apenas em calçados de alta qualidade, mas também em uma mentalidade de excelência e desempenho.\n\nEm resumo, as sapatilhas de basquetebol Adidas Dame 8 Extply são mais do que apenas um item de moda esportiva - são uma ferramenta essencial para atletas que buscam alcançar seu máximo potencial. Combinando durabilidade, estabilidade e amortecimento leve, estas sapatilhas proporcionam o suporte necessário para brilhar no campo. Então, da próxima vez que um jogador estiver enfrentando uma situação de alta pressão ou buscando aprimorar suas habilidades no ginásio, podem confiar nas Adidas Dame 8 Extply para levá-los até lá."

      },
      {
        "id": 3,
        "name": "Trae Young 3 ‘Arctic Night Acid Orange’",
        "brand": "Adidas",
        "price": 150.00,
        "size": [40, 41, 42, 43, 44, 45, 46, 47],
        "image_links": ["https://i0.wp.com/xipastore.pt/wp-content/uploads/2023/10/adidas-trae-young-3-arctic-night-acid-orange-ie9303-01.jpg?fit=2000%2C2000&ssl=1",
                        "https://i0.wp.com/xipastore.pt/wp-content/uploads/2023/10/adidas-trae-young-3-arctic-night-acid-orange-ie9303-02.jpg?fit=2000%2C2000&ssl=1",
                        "https://i0.wp.com/xipastore.pt/wp-content/uploads/2023/10/adidas-trae-young-3-arctic-night-acid-orange-ie9303-03.jpg?fit=2000%2C2000&ssl=1",
                        "https://i0.wp.com/xipastore.pt/wp-content/uploads/2023/10/adidas-trae-young-3-arctic-night-acid-orange-ie9303-05.jpg?fit=2000%2C2000&ssl=1"],
        "short_description": "As sapatilhas de basquetebol icónicas do Trae Young, em colaboração com a adidas Basketball, representam uma visão futurista da modalidade. Projetadas para celebrar o estilo de jogo expressivo e futurista de Trae, estas sapatilhas combinam mobilidade e estabilidade otimizadas, características que o ajudaram a alcançar o estatuto de super estrela.",
        "big_description": "Prepara-te para o que vem a seguir. Esta versão das sapatilhas de basquetebol icónicas do Trae Young, em colaboração com a adidas Basketball, não é apenas uma evolução, mas uma revolução.\nProjetadas com um olhar para o futuro da modalidade, estas sapatilhas encapsulam o estilo único e a ousadia que o público tanto admira em Trae.\nNão se trata apenas de calçado desportivo, mas de uma afirmação de personalidade, um símbolo do espírito destemido que leva Trae Young a ultrapassar limites.\n\nCada detalhe destas sapatilhas foi meticulosamente planejado para refletir a visão de Trae para o basquetebol do futuro.\nDesde a escolha dos materiais até o design da sola, cada elemento foi escolhido para otimizar a mobilidade e estabilidade do jogador em quadra.\nCombinando tecnologia de ponta com um design arrojado, estas sapatilhas não são apenas equipamento desportivo, são uma declaração de estilo e uma ferramenta para a excelência atlética.\n\nCelebra-se não apenas o jogador, mas o espírito inovador que ele personifica.\nEstas sapatilhas não são apenas um produto de colaboração, mas uma manifestação de uma nova era no basquetebol.\nE enquanto Trae Young continua a desafiar as expectativas e a redefinir os limites do jogo, estas sapatilhas estarão lá, prontas para acompanhar cada passo ousado em direção ao futuro do basquetebol."
      },
      {
        "id": 4,
        "name": "Harden Vol. 7 ‘Fash Aqua’",
        "brand": "Adidas",
        "price": 110.00,
        "size": [40, 41, 42, 43, 44, 45, 46, 47],
        "image_links": ["https://i0.wp.com/xipastore.pt/wp-content/uploads/2023/10/adidas-harden-vol-7-flash-aqua-if5617-01.jpg?fit=2000%2C2000&ssl=1",
                        "https://i0.wp.com/xipastore.pt/wp-content/uploads/2023/10/adidas-harden-vol-7-flash-aqua-if5617-02.jpg?fit=2000%2C2000&ssl=1",
                        "https://i0.wp.com/xipastore.pt/wp-content/uploads/2023/10/adidas-harden-vol-7-flash-aqua-if5617-03.jpg?fit=2000%2C2000&ssl=1",
                        "https://i0.wp.com/xipastore.pt/wp-content/uploads/2023/10/adidas-harden-vol-7-flash-aqua-if5617-05.jpg?fit=2000%2C2000&ssl=1"],
        "short_description": "As sapatilhas de basquetebol da Adidas inspiradas no estilo de jogo do James Harden combinam moda e desempenho de forma única. Com um topo em têxtil arrojado, inspirado nos casacos de penas, estas sapatilhas exibem o seu amor pela moda e luxo. Além disso, apresentam uma entressola leve com retorno de energia, combinando Lightstrike e BOOST, para proporcionar conforto e suporte durante todo o jogo.",
        "big_description": "O estilo de jogo do James Harden é uma fusão única entre o basquetebol e a moda, e estas sapatilhas de basquetebol da Adidas capturam perfeitamente essa fusão. Inspiradas no seu amor pela moda e pelo luxo, estas sapatilhas apresentam um topo em têxtil arrojado, reminiscente dos casacos de penas, que chama a atenção tanto dentro como fora do pavilhão.\nPara além do seu apelo estético, estas sapatilhas são projetadas para oferecer um desempenho excepcional. Com uma entressola leve equipada com a tecnologia Lightstrike e BOOST, proporcionam retorno de energia e conforto duradouro, enquanto a sola de borracha oferece aderência e apoio necessários para os movimentos característicos de Harden em campo.\nBatizadas em homenagem a James Harden, estas sapatilhas tornaram-se um dos modelos mais icónicos e inovadores da marca, sendo a escolha preferida de atletas de basquetebol em todo o mundo."
      },
      {
        "id": 5,
        "name": "D.O.N. ISSUE 4 – Turquoise",
        "brand": "Adidas",
        "price": 80.00,
        "size": [38, 39, 40, 41, 42, 43, 44, 45, 46, 47],
        "image_links": ["https://i0.wp.com/xipastore.pt/wp-content/uploads/2023/02/HR0718-1.jpg?fit=2000%2C2000&ssl=1",
                        "https://i0.wp.com/xipastore.pt/wp-content/uploads/2023/02/HR0718-2.jpg?fit=2000%2C2000&ssl=1",
                        "https://i0.wp.com/xipastore.pt/wp-content/uploads/2023/02/HR0718-4.jpg?fit=2000%2C2000&ssl=1",
                        "https://i0.wp.com/xipastore.pt/wp-content/uploads/2023/02/HR0718-3.jpg?fit=2000%2C2000&ssl=1"],
        "short_description": "As sapatilhas D.O.N. Issue 4 da adidas Basketball são o resultado da dedicação de Donovan Mitchell ao desempenho de elite e estilo. Projetadas para oferecer velocidade e agilidade incomparáveis, estas sapatilhas apresentam um topo LIGHTLOCK e uma entressola Lightstrike, permitindo que os jogadores voem pelo campo durante todo o jogo.",
        "big_description": "O foco do Donovan Mitchell está sempre no desempenho de elite, mas ele também não descura o estilo. As sapatilhas D.O.N. Issue 4 da adidas Basketball são uma combinação perfeita de estilo e funcionalidade. Feitas para proporcionar velocidade em toda a linha, apresentam um topo LIGHTLOCK e uma entressola Lightstrike, permitindo que os jogadores voem pelo court durante todo o jogo. Além disso, uma placa de propulsão única sob o pé facilita as travagens e as acelerações, garantindo que o primeiro passo rumo ao cesto seja verdadeiramente imparável."
      },
      {
        "id": 6,
        "name": "BYW SELECT – Red",
        "brand": "Adidas",
        "price": 150.00,
        "size": [40, 41, 42, 43, 44, 45, 46, 47],
        "image_links": ["https://i0.wp.com/xipastore.pt/wp-content/uploads/2023/02/IF2165-1.jpg?fit=2000%2C2000&ssl=1",
                        "https://i0.wp.com/xipastore.pt/wp-content/uploads/2023/02/IF2165-5.jpg?fit=2000%2C2000&ssl=1",
                        "https://i0.wp.com/xipastore.pt/wp-content/uploads/2023/02/IF2165-6.jpg?fit=2000%2C2000&ssl=1",
                        "https://i0.wp.com/xipastore.pt/wp-content/uploads/2023/02/IF2165-7.jpg?fit=2000%2C2000&ssl=1"],
        "short_description": "SAPATOS DE BASQUETEBOL COM UM TOQUE SUAVE\nMantenha essa pitada no seu passo durante todo o jogo. Estas sapatilhas de basquetebol têm amortecedores Lightstrike que o mantêm confortável sem o pesar. BOOST devolve energia a cada passo que dá na madeira dura, por isso tem sempre combustível no tanque para actuar na embraiagem.",
        "big_description": "SAPATOS DE BASQUETEBOL COM UM TOQUE SUAVE\nMantenha essa pitada no seu passo durante todo o jogo. Estas sapatilhas de basquetebol têm amortecedores Lightstrike que o mantêm confortável sem o pesar. BOOST devolve energia a cada passo que dá na madeira dura, por isso tem sempre combustível no tanque para actuar na embraiagem."
      },
      {
        "id": 7,
        "name": "All Star BB Prototype CX Mid",
        "brand": "Converse",
        "price": 59.99,
        "size": [40, 41, 42, 43, 44, 45, 46, 47],
        "image_links": ["https://images.footlocker.com/is/image/FLEU/314520364804_01.jpg",
                        "https://images.footlocker.com/is/image/FLEU/314520364804_02.jpg",
                        "https://images.footlocker.com/is/image/FLEU/314520364804_03.jpg",
                        "https://images.footlocker.com/is/image/FLEU/314520364804_04.jpg",
                        "https://images.footlocker.com/is/image/FLEU/314520364804_05.jpg"],
        "short_description": "The Converse All Star BB Prototype CX Mid is a modern take on the classic basketball sneaker. The mid-top silhouette features a white leather upper with black accents and a black rubber outsole. The shoe is finished with a CX foam midsole for lightweight cushioning.",
        "big_description": "The Converse All Star BB Prototype CX Mid is a modern take on the classic basketball sneaker. The mid-top silhouette features a white leather upper with black accents and a black rubber outsole. The shoe is finished with a CX foam midsole for lightweight cushioning.\n\nMore benefits\n- Leather upper for durability\n- CX foam midsole provides lightweight cushioning\n- Rubber outsole for durable traction\n- Colour Shown: White/Black\n- Style: 170348C"
      },
      {
        "id": 8,
        "name": "Shaq Attaq",
        "brand": "Reebok",
        "price": 179.99,
        "size": [40, 41, 42, 42.5, 43, 44, 45, 46],
        "image_links": ["https://images.footlocker.com/is/image/FLEU/314102958304_01.jpg",
                        "https://images.footlocker.com/is/image/FLEU/314102958304_02.jpg",
                        "https://images.footlocker.com/is/image/FLEU/314102958304_03.jpg",
                        "https://images.footlocker.com/is/image/FLEU/314102958304_04.jpg",
                        "https://images.footlocker.com/is/image/FLEU/314102958304_05.jpg"],
        "short_description": "The Reebok Shaq Attaq is a retro basketball sneaker that pays homage to the legendary Shaquille O'Neal. The high-top silhouette features a white leather upper with black and blue accents. The shoe is finished with a Pump technology for a custom fit and Hexalite cushioning for lightweight comfort.",
        "big_description": "The Reebok Shaq Attaq is a retro basketball sneaker that pays homage to the legendary Shaquille O'Neal. The high-top silhouette features a white leather upper with black and blue accents. The shoe is finished with a Pump technology for a custom fit and Hexalite cushioning for lightweight comfort.\n\nMore benefits\n- Leather upper for durability\n- Pump technology provides a custom fit\n- Hexalite cushioning offers lightweight comfort\n- Colour Shown: White/Black/Blue\n- Style: M41972"
      },
      {
        "id": 9,
        "name": "Hsl",
        "brand": "New Balance",
        "price": 119.99,
        "size": [41, 42, 42, 43, 44, 45],
        "image_links": ["https://images.footlocker.com/is/image/FLEU/314207610404_01.jpg",
                        "https://images.footlocker.com/is/image/FLEU/314207610404_02.jpg",
                        "https://images.footlocker.com/is/image/FLEU/314207610404_03.jpg",
                        "https://images.footlocker.com/is/image/FLEU/314207610404_04.jpg",
                        "https://images.footlocker.com/is/image/FLEU/314207610404_05.jpg"],
        "short_description": "The New Balance Hsl is a retro-inspired sneaker that offers a comfortable fit and classic style. The low-top silhouette features a white leather upper with blue and red accents. The shoe is finished with a cushioned midsole and a rubber outsole for durable traction.",
        "big_description": "The New Balance Hsl is a retro-inspired sneaker that offers a comfortable fit and classic style. The low-top silhouette features a white leather upper with blue and red accents. The shoe is finished with a cushioned midsole and a rubber outsole for durable traction.\n\nMore benefits\n- Leather upper for durability\n- Cushioned midsole for comfort\n- Rubber outsole for durable traction\n- Colour Shown: White/Blue/Red\n- Style: ML850HSL"
      },
      {
        "id": 10,
        "name": "Curry 4 Low Flotro 'Curry Jam'",
        "brand": "Under Armour",
        "price": 150.00,
        "size": [40, 41, 42, 43, 44, 45],
        "image_links": ["https://i0.wp.com/xipastore.pt/wp-content/uploads/2024/02/under-armour-curry-4-low-flotro-curry-jam-3026620-400-01.jpg",
                        "https://i0.wp.com/xipastore.pt/wp-content/uploads/2024/02/under-armour-curry-4-low-flotro-curry-jam-3026620-400-02.jpg",
                        "https://i0.wp.com/xipastore.pt/wp-content/uploads/2024/02/under-armour-curry-4-low-flotro-curry-jam-3026620-400-03.jpg",
                        "https://i0.wp.com/xipastore.pt/wp-content/uploads/2024/02/under-armour-curry-4-low-flotro-curry-jam-3026620-400-04.jpg",
                        "https://i0.wp.com/xipastore.pt/wp-content/uploads/2024/02/under-armour-curry-4-low-flotro-curry-jam-3026620-400-05.jpg"],
        "short_description": "The Under Armour Curry 4 Low Flotro 'Curry Jam' sneaker is a low-top version of the signature shoe worn by NBA star Stephen Curry. The shoe features a blue and yellow colorway inspired by the Golden State Warriors, with a knit upper and a cushioned midsole for all-day comfort.",
        "big_description": "The Under Armour Curry 4 Low Flotro 'Curry Jam' sneaker is a low-top version of the signature shoe worn by NBA star Stephen Curry. The shoe features a blue and yellow colorway inspired by the Golden State Warriors, with a knit upper and a cushioned midsole for all-day comfort.\n\nMore benefits\n- Knit upper for a comfortable fit\n- Cushioned midsole for all-day comfort\n- Colour Shown: Blue/Yellow\n- Style: 3026620-400"
      },
      {
        "id": 11,
        "name": "Curry 11 'Champion Mindset'",
        "brand": "Under Armour",
        "price": 169.99,
        "size": [40, 41, 42, 43, 44, 44.5, 45, 46, 47],
        "image_links": ["https://i0.wp.com/xipastore.pt/wp-content/uploads/2023/12/under-armour-curry-11-champion-mindset-3026617-300-01.jpg",
                        "https://i0.wp.com/xipastore.pt/wp-content/uploads/2023/12/under-armour-curry-11-champion-mindset-3026617-300-02.jpg",
                        "https://i0.wp.com/xipastore.pt/wp-content/uploads/2023/12/under-armour-curry-11-champion-mindset-3026617-300-03.jpg",
                        "https://i0.wp.com/xipastore.pt/wp-content/uploads/2023/12/under-armour-curry-11-champion-mindset-3026617-300-04.jpg",
                        "https://i0.wp.com/xipastore.pt/wp-content/uploads/2023/12/under-armour-curry-11-champion-mindset-3026617-300-05.jpg"],
        "short_description": "The Under Armour Curry 11 'Champion Mindset' sneaker is a signature shoe worn by NBA star Stephen Curry. The shoe features a blue and yellow colorway inspired by the Golden State Warriors, with a knit upper and a cushioned midsole for all-day comfort.",
        "big_description": "The Under Armour Curry 11 'Champion Mindset' sneaker is a signature shoe worn by NBA star Stephen Curry. The shoe features a blue and yellow colorway inspired by the Golden State Warriors, with a knit upper and a cushioned midsole for all-day comfort.\n\nMore benefits\n- Knit upper for a comfortable fit\n- Cushioned midsole for all-day comfort\n- Colour Shown: Blue/Yellow\n- Style: 3026617-300"
      },
      {
        "id": 12,
        "name": "Trae 3 'Game Is Yours'",
        "brand": "Adidas",
        "price": 149.99,
        "size": [38, 40, 41, 42, 42, 43, 44, 45, 46, 47, 48, 49, 50],
        "image_links": ["https://i0.wp.com/xipastore.pt/wp-content/uploads/2023/10/adidas-trae-3-game-is-yours-if5592-01.jpg",
                        "https://i0.wp.com/xipastore.pt/wp-content/uploads/2023/10/adidas-trae-3-game-is-yours-if5592-02.jpg",
                        "https://i0.wp.com/xipastore.pt/wp-content/uploads/2023/10/adidas-trae-3-game-is-yours-if5592-03.jpg",
                        "https://i0.wp.com/xipastore.pt/wp-content/uploads/2023/10/adidas-trae-3-game-is-yours-if5592-04.jpg",
                        "https://i0.wp.com/xipastore.pt/wp-content/uploads/2023/10/adidas-trae-3-game-is-yours-if5592-05.jpg",
                        "https://i0.wp.com/xipastore.pt/wp-content/uploads/2023/10/adidas-trae-3-game-is-yours-if5592-06.jpg",
                        "https://i0.wp.com/xipastore.pt/wp-content/uploads/2023/10/adidas-trae-3-game-is-yours-if5592-07.jpg"],
        "short_description": "The Adidas Trae 3 'Game Is Yours' sneaker is a signature shoe worn by NBA star Trae Young. The shoe features a blue and yellow colorway inspired by the Atlanta Hawks, with a knit upper and a cushioned midsole for all-day comfort.",
        "big_description": "The Adidas Trae 3 'Game Is Yours' sneaker is a signature shoe worn by NBA star Trae Young. The shoe features a blue and yellow colorway inspired by the Atlanta Hawks, with a knit upper and a cushioned midsole for all-day comfort.\n\nMore benefits\n- Knit upper for a comfortable fit\n- Cushioned midsole for all-day comfort\n- Colour Shown: Blue/Yellow\n- Style: IF5592"
      },
      {"id": 13,
      "name": "Air Yeezy 2 SP 'Red October'",
      "brand": "Adidas",
      "price": 70000.00,
      "size": [40, 41, 42, 43, 44],
      "image_links": ["https://cdn-images.farfetch-contents.com/14/47/78/50/14477850_21575964_1000.jpg",
                      "https://cdn-images.farfetch-contents.com/14/47/78/50/14477850_21575965_1000.jpg",
                      "https://cdn-images.farfetch-contents.com/14/47/78/50/14477850_21575966_1000.jpg",
                      "https://cdn-images.farfetch-contents.com/14/47/78/50/14477850_21575967_1000.jpg"],
        "short_description": "The Air Yeezy 2 SP 'Red October' is a highly sought-after sneaker designed by Kanye West for Nike. The shoe features a red colorway with a reptile-textured upper and a glow-in-the-dark outsole. The shoe is finished with a forefoot strap and a cushioned midsole for all-day comfort.",
        "big_description": "The Air Yeezy 2 SP 'Red October' is a highly sought-after sneaker designed by Kanye West for Nike. The shoe features a red colorway with a reptile-textured upper and a glow-in-the-dark outsole. The shoe is finished with a forefoot strap and a cushioned midsole for all-day comfort.\n\nMore benefits\n- Reptile-textured upper for a unique look\n- Glow-in-the-dark outsole for added style\n- Forefoot strap for a secure fit\n- Cushioned midsole for all-day comfort\n- Colour Shown: Red\n- Style: 508214-660"
      }
    ],
    "equipamentos": [
      {"id": 1,
      "name": "NBA Swingman Jersey 'Chicago Bulls' Away 1997-98 Dennis Rodman #91",
      "type": "Jersey",
      "team": "Chicago Bulls",
      "brand": "Mitchell & Ness",
      "player": "Dennis Rodman",
      "price": 114.99,
      "size": ["S", "M", "L"],
      "image_links": ["https://i0.wp.com/xipastore.pt/wp-content/uploads/2023/09/mitchell-and-ness-nba-swingman-jersey-chicago-bulls-away-1997-98-dennis-rodman-91-smjygs18154-cbuscar97drd-01.jpg",
                      "https://i0.wp.com/xipastore.pt/wp-content/uploads/2023/09/mitchell-and-ness-nba-swingman-jersey-chicago-bulls-away-1997-98-dennis-rodman-91-smjygs18154-cbuscar97drd-02.jpg",
                      "https://i0.wp.com/xipastore.pt/wp-content/uploads/2023/09/mitchell-and-ness-nba-swingman-jersey-chicago-bulls-away-1997-98-dennis-rodman-91-smjygs18154-cbuscar97drd-03.jpg",
                      "https://i0.wp.com/xipastore.pt/wp-content/uploads/2023/09/mitchell-and-ness-nba-swingman-jersey-chicago-bulls-away-1997-98-dennis-rodman-91-smjygs18154-cbuscar97drd-04.jpg",
                      "https://i0.wp.com/xipastore.pt/wp-content/uploads/2023/09/mitchell-and-ness-nba-swingman-jersey-chicago-bulls-away-1997-98-dennis-rodman-91-smjygs18154-cbuscar97drd-05.jpg"],
        "short_description": "The NBA Swingman Jersey 'Chicago Bulls' Away 1997-98 Dennis Rodman #91 is a classic jersey that pays homage to the legendary Chicago Bulls player. The jersey features a black and red colorway with Rodman's name and number on the back. The jersey is made from high-quality materials and is designed to be comfortable and durable.",
        "big_description": "The NBA Swingman Jersey 'Chicago Bulls' Away 1997-98 Dennis Rodman #91 is a classic jersey that pays homage to the legendary Chicago Bulls player. The jersey features a black and red colorway with Rodman's name and number on the back. The jersey is made from high-quality materials and is designed to be comfortable and durable.\n\nMore benefits\n- High-quality materials for comfort and durability\n- Classic design with Rodman's name and number\n- Colour Shown: Black/Red\n- Style: SMJYGS18154"
      },
      {"id": 2,
      "name": "NBA Swingman Jersey 'Chicago Bulls' Road 1995-96 Dennis Rodman #91",
      "type": "Jersey",
      "team": "Chicago Bulls",
      "brand": "Mitchell & Ness",
      "player": "Dennis Rodman",
      "price": 114.99,
      "size": ["M", "L", "XL"],
      "image_links": ["https://i0.wp.com/xipastore.pt/wp-content/uploads/2023/09/mitchell-and-ness-nba-swingman-jersey-chicago-bulls-road-1995-96-dennis-rodman-91-smjygs18150-cbublck95drd-01.jpg",
                      "https://i0.wp.com/xipastore.pt/wp-content/uploads/2023/09/mitchell-and-ness-nba-swingman-jersey-chicago-bulls-road-1995-96-dennis-rodman-91-smjygs18150-cbuscar95drd-02.jpg",
                      "https://i0.wp.com/xipastore.pt/wp-content/uploads/2023/09/mitchell-and-ness-nba-swingman-jersey-chicago-bulls-road-1995-96-dennis-rodman-91-smjygs18150-cbuscar95drd-03.jpg",
                      "https://i0.wp.com/xipastore.pt/wp-content/uploads/2023/09/mitchell-and-ness-nba-swingman-jersey-chicago-bulls-road-1995-96-dennis-rodman-91-smjygs18150-cbuscar95drd-04.jpg",
                      "https://i0.wp.com/xipastore.pt/wp-content/uploads/2023/09/mitchell-and-ness-nba-swingman-jersey-chicago-bulls-road-1995-96-dennis-rodman-91-smjygs18150-cbuscar95drd-05.jpg",
                      "https://i0.wp.com/xipastore.pt/wp-content/uploads/2023/09/mitchell-and-ness-nba-swingman-jersey-chicago-bulls-road-1995-96-dennis-rodman-91-smjygs18150-cbuscar95drd-06.jpg",
                      "https://i0.wp.com/xipastore.pt/wp-content/uploads/2023/09/mitchell-and-ness-nba-swingman-jersey-chicago-bulls-road-1995-96-dennis-rodman-91-smjygs18150-cbuscar95drd-07.jpg"],
      "short_description": "The NBA Swingman Jersey 'Chicago Bulls' Road 1995-96 Dennis Rodman #91 is a classic jersey that pays homage to the legendary Chicago Bulls player. The jersey features a black and red colorway with Rodman's name and number on the back. The jersey is made from high-quality materials and is designed to be comfortable and durable.",
      "big_description": "The NBA Swingman Jersey 'Chicago Bulls' Road 1995-96 Dennis Rodman #91 is a classic jersey that pays homage to the legendary Chicago Bulls player. The jersey features a black and red colorway with Rodman's name and number on the back. The jersey is made from high-quality materials and is designed to be comfortable and durable.\n\nMore benefits\n- High-quality materials for comfort and durability\n- Classic design with Rodman's name and number\n- Colour Shown: Black/Red\n- Style: SMJYGS18150"
      },
      {"id": 3,
      "name": "NBA Swingman Jersey 'Vancouver Grizzlies' Home 1998-99 Mike Bibby #10",
      "type": "Jersey",
      "team": "Vancouver Grizzlies",
      "brand": "Mitchell & Ness",
      "player": "Mike Bibby",
      "price": 114.99,
      "size": ["S", "M", "L"],
      "image_links": ["https://i0.wp.com/xipastore.pt/wp-content/uploads/2023/09/mitchell-and-ness-nba-swingman-jersey-vancouver-grizzlies-road-1998-99-mike-bibby-10-smjygs18219-vgrteal98mbi-01.jpg",
                      "https://i0.wp.com/xipastore.pt/wp-content/uploads/2023/09/mitchell-and-ness-nba-swingman-jersey-vancouver-grizzlies-road-1998-99-mike-bibby-10-smjygs18219-vgrteal98mbi-02.jpg",
                      "https://i0.wp.com/xipastore.pt/wp-content/uploads/2023/09/mitchell-and-ness-nba-swingman-jersey-vancouver-grizzlies-road-1998-99-mike-bibby-10-smjygs18219-vgrteal98mbi-03.jpg",
                      "https://i0.wp.com/xipastore.pt/wp-content/uploads/2023/09/mitchell-and-ness-nba-swingman-jersey-vancouver-grizzlies-road-1998-99-mike-bibby-10-smjygs18219-vgrteal98mbi-04.jpg",
                      "https://i0.wp.com/xipastore.pt/wp-content/uploads/2023/09/mitchell-and-ness-nba-swingman-jersey-vancouver-grizzlies-road-1998-99-mike-bibby-10-smjygs18219-vgrteal98mbi-05.jpg",
                      "https://i0.wp.com/xipastore.pt/wp-content/uploads/2023/09/mitchell-and-ness-nba-swingman-jersey-vancouver-grizzlies-road-1998-99-mike-bibby-10-smjygs18219-vgrteal98mbi-06.jpg",
                      "https://i0.wp.com/xipastore.pt/wp-content/uploads/2023/09/mitchell-and-ness-nba-swingman-jersey-vancouver-grizzlies-road-1998-99-mike-bibby-10-smjygs18219-vgrteal98mbi-07.jpg"],
      "short_description": "The NBA Swingman Jersey 'Vancouver Grizzlies' Home 1998-99 Mike Bibby #10 is a classic jersey that pays homage to the legendary Vancouver Grizzlies player. The jersey features a teal and black colorway with Bibby's name and number on the back. The jersey is made from high-quality materials and is designed to be comfortable and durable.",
      "big_description": "The NBA Swingman Jersey 'Vancouver Grizzlies' Home 1998-99 Mike Bibby #10 is a classic jersey that pays homage to the legendary Vancouver Grizzlies player. The jersey features a teal and black colorway with Bibby's name and number on the back. The jersey is made from high-quality materials and is designed to be comfortable and durable.\n\nMore benefits\n- High-quality materials for comfort and durability\n- Classic design with Bibby's name and number\n- Colour Shown: Teal/Black\n- Style: SMJYGS18219"
      },
      {"id": 4,
      "name": "NBA Swingman Jersey 'Los Angeles Lakers' Home 1984-85 Magic Johnson #32",
      "type": "Jersey",
      "team": "Los Angeles Lakers",
      "brand": "Mitchell & Ness",
      "player": "Magic Johnson",
      "price": 114.99,
      "size": ["S", "M"],
      "image_links": ["https://i0.wp.com/xipastore.pt/wp-content/uploads/2023/09/mitchell-ness-nba-swingman-jersey-los-angeles-lakers-home-1984-85-magic-johnson-32-smjygs18175-lalltgd84ejh-01.jpg",
                      "https://i0.wp.com/xipastore.pt/wp-content/uploads/2023/09/mitchell-ness-nba-swingman-jersey-los-angeles-lakers-home-1984-85-magic-johnson-32-smjygs18175-lalltgd84ejh-02.jpg",
                      "https://i0.wp.com/xipastore.pt/wp-content/uploads/2023/09/mitchell-ness-nba-swingman-jersey-los-angeles-lakers-home-1984-85-magic-johnson-32-smjygs18175-lalltgd84ejh-03.jpg",
                      "https://i0.wp.com/xipastore.pt/wp-content/uploads/2023/09/mitchell-ness-nba-swingman-jersey-los-angeles-lakers-home-1984-85-magic-johnson-32-smjygs18175-lalltgd84ejh-04.jpg",
                      "https://i0.wp.com/xipastore.pt/wp-content/uploads/2023/09/mitchell-ness-nba-swingman-jersey-los-angeles-lakers-home-1984-85-magic-johnson-32-smjygs18175-lalltgd84ejh-05.jpg",
                      "https://i0.wp.com/xipastore.pt/wp-content/uploads/2023/09/mitchell-ness-nba-swingman-jersey-los-angeles-lakers-home-1984-85-magic-johnson-32-smjygs18175-lalltgd84ejh-06.jpg",
                      "https://i0.wp.com/xipastore.pt/wp-content/uploads/2023/09/mitchell-ness-nba-swingman-jersey-los-angeles-lakers-home-1984-85-magic-johnson-32-smjygs18175-lalltgd84ejh-07.jpg"],
      "short_description": "The NBA Swingman Jersey 'Los Angeles Lakers' Home 1984-85 Magic Johnson #32 is a classic jersey that pays homage to the legendary Los Angeles Lakers player. The jersey features a yellow and purple colorway with Johnson's name and number on the back. The jersey is made from high-quality materials and is designed to be comfortable and durable.",
      "big_description": "The NBA Swingman Jersey 'Los Angeles Lakers' Home 1984-85 Magic Johnson #32 is a classic jersey that pays homage to the legendary Los Angeles Lakers player. The jersey features a yellow and purple colorway with Johnson's name and number on the back. The jersey is made from high-quality materials and is designed to be comfortable and durable.\n\nMore benefits\n- High-quality materials for comfort and durability\n- Classic design with Johnson's name and number\n- Colour Shown: Yellow/Purple\n- Style: SMJYGS18175"
      },
      {"id": 5,
      "name": "NBA Swingman Jersey 'Toronto Raptors' Home 1998-99 Vince Carter #15",
      "type": "Jersey",
      "team": "Toronto Raptors",
      "brand": "Mitchell & Ness",
      "player": "Vince Carter",
      "price": 114.99,
      "size": ["S", "M", "L"],
      "image_links": ["https://i0.wp.com/xipastore.pt/wp-content/uploads/2023/09/mitchell-ness-nba-swingman-jersey-toronto-raptors-home-1998-99-vince-carter-15-smjygs18213-trawhit98vca-01.jpg",
                      "https://i0.wp.com/xipastore.pt/wp-content/uploads/2023/09/mitchell-ness-nba-swingman-jersey-toronto-raptors-home-1998-99-vince-carter-15-smjygs18213-trawhit98vca-02.jpg",
                      "https://i0.wp.com/xipastore.pt/wp-content/uploads/2023/09/mitchell-ness-nba-swingman-jersey-toronto-raptors-home-1998-99-vince-carter-15-smjygs18213-trawhit98vca-03.jpg",
                      "https://i0.wp.com/xipastore.pt/wp-content/uploads/2023/09/mitchell-ness-nba-swingman-jersey-toronto-raptors-home-1998-99-vince-carter-15-smjygs18213-trawhit98vca-04.jpg",
                      "https://i0.wp.com/xipastore.pt/wp-content/uploads/2023/09/mitchell-ness-nba-swingman-jersey-toronto-raptors-home-1998-99-vince-carter-15-smjygs18213-trawhit98vca-05.jpg",
                      "https://i0.wp.com/xipastore.pt/wp-content/uploads/2023/09/mitchell-ness-nba-swingman-jersey-toronto-raptors-home-1998-99-vince-carter-15-smjygs18213-trawhit98vca-06.jpg",
                      "https://i0.wp.com/xipastore.pt/wp-content/uploads/2023/09/mitchell-ness-nba-swingman-jersey-toronto-raptors-home-1998-99-vince-carter-15-smjygs18213-trawhit98vca-07.jpg"],
      "short_description": "The NBA Swingman Jersey 'Toronto Raptors' Home 1998-99 Vince Carter #15 is a classic jersey that pays homage to the legendary Toronto Raptors player. The jersey features a white and red colorway with Carter's name and number on the back. The jersey is made from high-quality materials and is designed to be comfortable and durable.",
      "big_description": "The NBA Swingman Jersey 'Toronto Raptors' Home 1998-99 Vince Carter #15 is a classic jersey that pays homage to the legendary Toronto Raptors player. The jersey features a white and red colorway with Carter's name and number on the back. The jersey is made from high-quality materials and is designed to be comfortable and durable.\n\nMore benefits\n- High-quality materials for comfort and durability\n- Classic design with Carter's name and number\n- Colour Shown: White/Red\n- Style: SMJYGS18213"  
      },
      {"id": 6,
      "name": "NBA Swingman Jersey 'Denver Nuggets' Alternative 2016-17 Nikola Jokic #15",
      "type": "Jersey",
      "team": "Denver Nuggets",
      "brand": "Mitchell & Ness",
      "player": "Nikola Jokic",
      "price": 114.99,
      "size": ["M", "L"],
      "image_links": ["https://i0.wp.com/xipastore.pt/wp-content/uploads/2023/09/mitchell-ness-nba-swingman-jersey-denver-nuggets-alternate-2016-17-nikola-jokic-15-smjy4448-dnu16njoclbl-01.jpg",
                      "https://i0.wp.com/xipastore.pt/wp-content/uploads/2023/09/mitchell-ness-nba-swingman-jersey-denver-nuggets-alternate-2016-17-nikola-jokic-15-smjy4448-dnu16njoclbl-02.jpg",
                      "https://i0.wp.com/xipastore.pt/wp-content/uploads/2023/09/mitchell-ness-nba-swingman-jersey-denver-nuggets-alternate-2016-17-nikola-jokic-15-smjy4448-dnu16njoclbl-03.jpg",
                      "https://i0.wp.com/xipastore.pt/wp-content/uploads/2023/09/mitchell-ness-nba-swingman-jersey-denver-nuggets-alternate-2016-17-nikola-jokic-15-smjy4448-dnu16njoclbl-04.jpg",
                      "https://i0.wp.com/xipastore.pt/wp-content/uploads/2023/09/mitchell-ness-nba-swingman-jersey-denver-nuggets-alternate-2016-17-nikola-jokic-15-smjy4448-dnu16njoclbl-05.jpg",
                      "https://i0.wp.com/xipastore.pt/wp-content/uploads/2023/09/mitchell-ness-nba-swingman-jersey-denver-nuggets-alternate-2016-17-nikola-jokic-15-smjy4448-dnu16njoclbl-06.jpg",
                      "https://i0.wp.com/xipastore.pt/wp-content/uploads/2023/09/mitchell-ness-nba-swingman-jersey-denver-nuggets-alternate-2016-17-nikola-jokic-15-smjy4448-dnu16njoclbl-07.jpg"],
      "short_description": "The NBA Swingman Jersey 'Denver Nuggets' Alternative 2016-17 Nikola Jokic #15 is a classic jersey that pays homage to the legendary Denver Nuggets player. The jersey features a blue and yellow colorway with Jokic's name and number on the back. The jersey is made from high-quality materials and is designed to be comfortable and durable.",
      "big_description": "The NBA Swingman Jersey 'Denver Nuggets' Alternative 2016-17 Nikola Jokic #15 is a classic jersey that pays homage to the legendary Denver Nuggets player. The jersey features a blue and yellow colorway with Jokic's name and number on the back. The jersey is made from high-quality materials and is designed to be comfortable and durable.\n\nMore benefits\n- High-quality materials for comfort and durability\n- Classic design with Jokic's name and number\n- Colour Shown: Blue/Yellow\n- Style: SMJY4448"
      },
      {"id": 7,
      "name": "NBA Swingman Jersey 'Los Angeles Lakers' Home 1990-00 Shaquille O'Neal #34",
      "type": "Jersey",
      "team": "Los Angeles Lakers",
      "brand": "Mitchell & Ness",
      "player": "Shaquille O'Neal",
      "price": 114.99,
      "size": ["M", "L"],
      "image_links": ["https://i0.wp.com/xipastore.pt/wp-content/uploads/2023/09/mitchell-ness-nba-swingman-jersey-los-angeles-lakers-home-1999-00-shaquille-o-neal-34-smjygs18179-lalltgd99son-01.jpg",
                      "https://i0.wp.com/xipastore.pt/wp-content/uploads/2023/09/mitchell-ness-nba-swingman-jersey-los-angeles-lakers-home-1999-00-shaquille-o-neal-34-smjygs18179-lalltgd99son-02.jpg",
                      "https://i0.wp.com/xipastore.pt/wp-content/uploads/2023/09/mitchell-ness-nba-swingman-jersey-los-angeles-lakers-home-1999-00-shaquille-o-neal-34-smjygs18179-lalltgd99son-03.jpg",
                      "https://i0.wp.com/xipastore.pt/wp-content/uploads/2023/09/mitchell-ness-nba-swingman-jersey-los-angeles-lakers-home-1999-00-shaquille-o-neal-34-smjygs18179-lalltgd99son-04.jpg",
                      "https://i0.wp.com/xipastore.pt/wp-content/uploads/2023/09/mitchell-ness-nba-swingman-jersey-los-angeles-lakers-home-1999-00-shaquille-o-neal-34-smjygs18179-lalltgd99son-05.jpg",
                      "https://i0.wp.com/xipastore.pt/wp-content/uploads/2023/09/mitchell-ness-nba-swingman-jersey-los-angeles-lakers-home-1999-00-shaquille-o-neal-34-smjygs18179-lalltgd99son-06.jpg",
                      "https://i0.wp.com/xipastore.pt/wp-content/uploads/2023/09/mitchell-ness-nba-swingman-jersey-los-angeles-lakers-home-1999-00-shaquille-o-neal-34-smjygs18179-lalltgd99son-07.jpg"],
      "short_description": "The NBA Swingman Jersey 'Los Angeles Lakers' Home 1990-00 Shaquille O'Neal #34 is a classic jersey that pays homage to the legendary Los Angeles Lakers player. The jersey features a yellow and purple colorway with O'Neal's name and number on the back. The jersey is made from high-quality materials and is designed to be comfortable and durable.",
      "big_description": "The NBA Swingman Jersey 'Los Angeles Lakers' Home 1990-00 Shaquille O'Neal #34 is a classic jersey that pays homage to the legendary Los Angeles Lakers player. The jersey features a yellow and purple colorway with O'Neal's name and number on the back. The jersey is made from high-quality materials and is designed to be comfortable and durable.\n\nMore benefits\n- High-quality materials for comfort and durability\n- Classic design with O'Neal's name and number\n- Colour Shown: Yellow/Purple\n- Style: SMJYGS18179"
      },
      {"id": 8,
      "name": "Swingman Shorts 'Chicago Bulls' Home 1997-98",
      "type": "Shorts",
      "team": "Chicago Bulls",
      "brand": "Mitchell & Ness",
      "price": 84.99,
      "size": ["S", "M", "L"],
      "image_links": ["https://i0.wp.com/xipastore.pt/wp-content/uploads/2023/09/mitchell-and-ness-nba-swingman-shorts-chicago-bulls-shorts-white-smshcp18151-cbuwhit97-01.jpg",
                      "https://i0.wp.com/xipastore.pt/wp-content/uploads/2023/09/mitchell-and-ness-nba-swingman-shorts-chicago-bulls-shorts-white-smshcp18151-cbuwhit97-02.jpg",
                      "https://i0.wp.com/xipastore.pt/wp-content/uploads/2023/09/mitchell-and-ness-nba-swingman-shorts-chicago-bulls-shorts-white-smshcp18151-cbuwhit97-03.jpg",
                      "https://i0.wp.com/xipastore.pt/wp-content/uploads/2023/09/mitchell-and-ness-nba-swingman-shorts-chicago-bulls-shorts-white-smshcp18151-cbuwhit97-04.jpg",
                      "https://i0.wp.com/xipastore.pt/wp-content/uploads/2023/09/mitchell-and-ness-nba-swingman-shorts-chicago-bulls-shorts-white-smshcp18151-cbuwhit97-05.jpg"],
      "short_description": "The Swingman Shorts 'Chicago Bulls' 1997-98 Home are classic basketball shorts that pay homage to the legendary Chicago Bulls team. The shorts feature a black and red colorway with the Bulls logo on the front. The shorts are made from high-quality materials and are designed to be comfortable and durable.",
      "big_description": "The Swingman Shorts 'Chicago Bulls' 1997-98 Home are classic basketball shorts that pay homage to the legendary Chicago Bulls team. The shorts feature a black and red colorway with the Bulls logo on the front. The shorts are made from high-quality materials and are designed to be comfortable and durable.\n\nMore benefits\n- High-quality materials for comfort and durability\n- Classic design with Bulls logo\n- Colour Shown: Black/Red\n- Style: SMJYGS18155"
      },
      {"id": 9,
      "name": "Swingman Shorts 'Toronto Raptors' Home 1998-99",
      "type": "Shorts",
      "team": "Toronto Raptors",
      "brand": "Mitchell & Ness",
      "price": 84.99,
      "size": ["M", "L"],
      "image_links": ["https://i0.wp.com/xipastore.pt/wp-content/uploads/2023/09/mitchell-and-ness-nba-swingman-shorts-toronto-raptors-shorts-white-smshcp18154-trawhi98-05.jpg",
                      "https://i0.wp.com/xipastore.pt/wp-content/uploads/2023/09/mitchell-and-ness-nba-swingman-shorts-toronto-raptors-shorts-white-smshcp18154-trawhi98-01.jpg", 
                      "https://i0.wp.com/xipastore.pt/wp-content/uploads/2023/09/mitchell-and-ness-nba-swingman-shorts-toronto-raptors-shorts-white-smshcp18154-trawhi98-02.jpg",
                      "https://i0.wp.com/xipastore.pt/wp-content/uploads/2023/09/mitchell-and-ness-nba-swingman-shorts-toronto-raptors-shorts-white-smshcp18154-trawhi98-03.jpg",
                      "https://i0.wp.com/xipastore.pt/wp-content/uploads/2023/09/mitchell-and-ness-nba-swingman-shorts-toronto-raptors-shorts-white-smshcp18154-trawhi98-04.jpg"],
      "short_description": "The Swingman Shorts 'Toronto Raptors' 1998-99 Home are classic basketball shorts that pay homage to the legendary Toronto Raptors team. The shorts feature a white and red colorway with the Raptors logo on the front. The shorts are made from high-quality materials and are designed to be comfortable and durable.",
      "big_description": "The Swingman Shorts 'Toronto Raptors' 1998-99 Home are classic basketball shorts that pay homage to the legendary Toronto Raptors team. The shorts feature a white and red colorway with the Raptors logo on the front. The shorts are made from high-quality materials and are designed to be comfortable and durable.\n\nMore benefits\n- High-quality materials for comfort and durability\n- Classic design with Raptors logo\n- Colour Shown: White/Red\n- Style: SMJYGS18151"
      }


    ]
  }